Player,Team,Pos,Injury,Status,Est. Return
Garrett Acton,TB,P,Elbow,Out,Subscribers Only
Ronald Acuna,ATL,OF,Knee,60-Day IL,Subscribers Only
Francisco Acuna,PIT,3B,Undisclosed,7-Day IL,Subscribers Only
Jo Adell,LAA,OF,Illness,Day-To-Day,Subscribers Only
Glenn Albanese,LAA,P,Undisclosed,60-Day IL,Subscribers Only
Sandy Alcantara,MIA,P,Elbow,60-Day IL,Subscribers Only
Pablo Aldonis,WSH,P,Undisclosed,60-Day IL,Subscribers Only
Franco Aleman,CLE,P,Lat,7-Day IL,Subscribers Only
Matt Allan,NYM,P,Elbow,60-Day IL,Subscribers Only
Greg Allen,NYY,OF,Undisclosed,7-Day IL,Subscribers Only
Yency Almonte,CHC,P,Shoulder,60-Day IL,Subscribers Only
Dan Altavilla,KC,P,Oblique,60-Day IL,Subscribers Only
Yordan Alvarez,HOU,OF,Hip,Day-To-Day,Subscribers Only
Adbert Alzolay,CHC,P,Forearm,60-Day IL,Subscribers Only
Ian Anderson,ATL,P,Elbow,60-Day IL,Subscribers Only
Tejay Antone,CIN,P,Elbow,60-Day IL,Subscribers Only
Jonathan Aranda,TB,DH,Oblique,7-Day IL,Subscribers Only
Christian Arroyo,MIL,2B,Undisclosed,7-Day IL,Subscribers Only
Edwin Arroyo,CIN,SS,Shoulder,60-Day IL,Subscribers Only
Aeverson Arteaga,SF,SS,Neck,60-Day IL,Subscribers Only
Graham Ashcraft,CIN,P,Elbow,15-Day IL,Subscribers Only
Javier Assad,CHC,P,Forearm,15-Day IL,Subscribers Only
Nick Avila,BAL,P,Undisclosed,7-Day IL,Subscribers Only
Juan Baez,MIL,3B,Undisclosed,7-Day IL,Subscribers Only
Anthony Baptist,NYM,OF,Suspension,Suspension,Subscribers Only
Caleb Baragar,MIN,P,Undisclosed,7-Day IL,Subscribers Only
Daniel Bard,COL,P,Elbow,60-Day IL,Subscribers Only
Brandon Barriera,TOR,P,Elbow,7-Day IL,Subscribers Only
Braden Barry,TOR,OF,Undisclosed,60-Day IL,Subscribers Only
Osleivis Basabe,TB,SS,Wrist,7-Day IL,Subscribers Only
Angel Bastardo,BOS,P,Elbow,7-Day IL,Subscribers Only
Carter Baumler,BAL,P,Shoulder,7-Day IL,Subscribers Only
Felix Bautista,BAL,P,Elbow,60-Day IL,Subscribers Only
Tristan Beck,SF,P,Arm,60-Day IL,Subscribers Only
Jordan Beck,COL,OF,Hand,10-Day IL,Subscribers Only
David Bednar,PIT,P,Oblique,15-Day IL,Subscribers Only
Clayton Beeter,NYY,P,Shoulder,7-Day IL,Subscribers Only
Cody Bellinger,CHC,OF,Finger,10-Day IL,Subscribers Only
Jake Bennett,WSH,P,Elbow,60-Day IL,Subscribers Only
Jon Berti,NYY,SS,Calf,60-Day IL,Subscribers Only
Mookie Betts,LAD,OF,Wrist,10-Day IL,Subscribers Only
Bo Bichette,TOR,SS,Calf,Day-To-Day,Subscribers Only
Shane Bieber,CLE,P,Elbow,60-Day IL,Subscribers Only
Ryan Birchard,MIL,P,Oblique,60-Day IL,Subscribers Only
Paul Blackburn,OAK,P,Foot,60-Day IL,Subscribers Only
Charlie Blackmon,COL,OF,Hamstring,Day-To-Day,Subscribers Only
Xander Bogaerts,SD,SS,Shoulder,10-Day IL,Subscribers Only
Branden Boissiere,WSH,OF,Undisclosed,60-Day IL,Subscribers Only
Brainer Bonaci,BOS,2B,Suspension,Out,Subscribers Only
Rodney Boone,CLE,P,Undisclosed,7-Day IL,Subscribers Only
Ryan Borucki,PIT,P,Wrist,60-Day IL,Subscribers Only
Darren Bowen,MIN,P,Elbow,7-Day IL,Subscribers Only
Matthew Boyd,CLE,P,Elbow,15-Day IL,Subscribers Only
Sean Boyle,NYY,P,Undisclosed,60-Day IL,Subscribers Only
Cody Bradford,TEX,P,Ribs,60-Day IL,Subscribers Only
Kyle Bradish,BAL,P,Elbow,60-Day IL,Subscribers Only
Davis Bradshaw,MIA,OF,Undisclosed,60-Day IL,Subscribers Only
Matt Brash,SEA,P,Elbow,60-Day IL,Subscribers Only
Ryan Brasier,LAD,P,Calf,60-Day IL,Subscribers Only
Colten Brewer,CHC,P,Hand,60-Day IL,Subscribers Only
Josue Briceno,DET,C,Knee,7-Day IL,Subscribers Only
Connor Brogdon,LAD,P,Foot,60-Day IL,Subscribers Only
Ben Brown,CHC,P,Neck,15-Day IL,Subscribers Only
JT Brubaker,NYY,P,Elbow,60-Day IL,Subscribers Only
Kris Bryant,COL,OF,Oblique,10-Day IL,Subscribers Only
Walker Buehler,LAD,P,Hip,15-Day IL,Subscribers Only
J.B. Bukauskas,MIL,P,Triceps,60-Day IL,Subscribers Only
Tyler Burch,BAL,P,Undisclosed,60-Day IL,Subscribers Only
Nick Burdi,NYY,P,Hip,60-Day IL,Subscribers Only
Mike Burrows,PIT,P,Elbow,60-Day IL,Subscribers Only
Daniel Cabrera,DET,OF,Not Injury Related,Out,Subscribers Only
Kelvin Caceres,LAA,P,Lat,60-Day IL,Subscribers Only
David Calabrese,LAA,OF,Undisclosed,7-Day IL,Subscribers Only
Blair Calvo,DET,P,Shoulder,60-Day IL,Subscribers Only
Junior Caminero,TB,3B,Quadriceps,7-Day IL,Subscribers Only
Justin Campbell,CLE,P,Elbow,60-Day IL,Subscribers Only
Matt Canterino,MIN,P,Shoulder,60-Day IL,Subscribers Only
Dominic Canzone,SEA,OF,Thigh,10-Day IL,Subscribers Only
Victor Caratini,HOU,C,Hip,10-Day IL,Subscribers Only
Drew Carlton,SD,P,Elbow,60-Day IL,Subscribers Only
Kerry Carpenter,DET,OF,Back,10-Day IL,Subscribers Only
Burl Carraway,CHC,P,Undisclosed,60-Day IL,Subscribers Only
Gerardo Carrillo,TEX,P,Elbow,60-Day IL,Subscribers Only
Evan Carter,TEX,OF,Back,10-Day IL,Subscribers Only
Triston Casas,BOS,1B,Ribs,60-Day IL,Subscribers Only
Jose Castillo,ARI,P,Hand,7-Day IL,Subscribers Only
Kervin Castro,NYY,P,Elbow,Out,Subscribers Only
Pedro Catuy,ARI,OF,Lower Body,60-Day IL,Subscribers Only
Cade Cavalli,WSH,P,Elbow,60-Day IL,Subscribers Only
Yoeilin Cespedes,BOS,2B,Hand,7-Day IL,Subscribers Only
Christian Chamberlain,KC,P,Elbow,Out,Subscribers Only
Marc Church,TEX,P,Shoulder,60-Day IL,Subscribers Only
Adam Cimber,LAA,P,Shoulder,15-Day IL,Subscribers Only
Jose Cisnero,LAA,P,Shoulder,60-Day IL,Subscribers Only
Mike Clevinger,CWS,P,Elbow,15-Day IL,Subscribers Only
Alex Cobb,SF,P,Hip,60-Day IL,Subscribers Only
Carson Coleman,TEX,P,Elbow,60-Day IL,Subscribers Only
Billy Cook,BAL,2B,Hamstring,7-Day IL,Subscribers Only
Jose Corniell,TEX,P,Elbow,7-Day IL,Subscribers Only
Tom Cosgrove,SD,P,Elbow,15-Day IL,Subscribers Only
Danny Coulombe,BAL,P,Elbow,15-Day IL,Subscribers Only
Dylan Covey,PHI,P,Shoulder,60-Day IL,Subscribers Only
Jackson Cox,COL,P,Elbow,60-Day IL,Subscribers Only
Kyle Crick,NYM,P,Calf,60-Day IL,Subscribers Only
Coleman Crow,MIL,P,Elbow,60-Day IL,Subscribers Only
C.J. Culpepper,MIN,P,Forearm,7-Day IL,Subscribers Only
Zach Daniels,HOU,OF,Undisclosed,60-Day IL,Subscribers Only
Hagen Danner,TOR,P,Undisclosed,7-Day IL,Subscribers Only
Yu Darvish,SD,P,Personal,Out,Subscribers Only
Brennen Davis,CHC,OF,Back,7-Day IL,Subscribers Only
Danny De Andrade,MIN,SS,Ankle,60-Day IL,Subscribers Only
Angel De Jesus,FA,P,Elbow,Out,Subscribers Only
Jose De Leon,FA,P,Elbow,Out,Subscribers Only
Luis De Los Santos,TOR,3B,Undisclosed,7-Day IL,Subscribers Only
Jacob deGrom,TEX,P,Elbow,60-Day IL,Subscribers Only
Miguel Del Pozo,FA,P,Elbow,Out,Subscribers Only
Chase DeLauter,CLE,OF,Toe,7-Day IL,Subscribers Only
Noah Denoyer,BAL,P,Elbow,60-Day IL,Subscribers Only
Anthony DeSclafani,MIN,P,Elbow,60-Day IL,Subscribers Only
Mishael Deson,BAL,OF,Back,Out,Subscribers Only
Nolan DeVos,HOU,P,Undisclosed,60-Day IL,Subscribers Only
Yusniel Diaz,SF,OF,Undisclosed,7-Day IL,Subscribers Only
Taylor Dollard,SEA,P,Shoulder,60-Day IL,Subscribers Only
Jasson Dominguez,NYY,OF,Oblique,7-Day IL,Subscribers Only
Daniel Duarte,MIN,P,Elbow,60-Day IL,Subscribers Only
Justin Dunn,FA,P,Shoulder,Out,Subscribers Only
Oliver Dunn,MIL,2B,Back,10-Day IL,Subscribers Only
Dane Dunning,TEX,P,Shoulder,15-Day IL,Subscribers Only
Caleb Durbin,NYY,2B,Hand,60-Day IL,Subscribers Only
Ty Duvall,SEA,C,Undisclosed,60-Day IL,Subscribers Only
Tommy Edman,STL,2B,Wrist,60-Day IL,Subscribers Only
Scott Effross,NYY,P,Back,60-Day IL,Subscribers Only
Stevie Emanuels,OAK,P,Undisclosed,7-Day IL,Subscribers Only
Colt Emerson,SEA,SS,Foot,7-Day IL,Subscribers Only
Christian Encarnacion-Strand,CIN,1B,Wrist,60-Day IL,Subscribers Only
Blayne Enlow,SF,P,Undisclosed,60-Day IL,Subscribers Only
Nic Enright,CLE,P,Shoulder,7-Day IL,Subscribers Only
Paolo Espino,TOR,P,Undisclosed,7-Day IL,Subscribers Only
Daniel Espino,CLE,P,Shoulder,60-Day IL,Subscribers Only
Albert Fabian,SD,1B,Undisclosed,60-Day IL,Subscribers Only
Stuart Fairchild,CIN,OF,Back,10-Day IL,Subscribers Only
Bailey Falter,PIT,P,Triceps,15-Day IL,Subscribers Only
Jonny Farmelo,SEA,OF,Knee,7-Day IL,Subscribers Only
Trent Farquhar,PHI,SS,Undisclosed,7-Day IL,Subscribers Only
Daniel Federman,BAL,P,Undisclosed,60-Day IL,Subscribers Only
Angel Felipe,LAA,P,Elbow,60-Day IL,Subscribers Only
Jose Ferrer,WSH,P,Shoulder,60-Day IL,Subscribers Only
Hugh Fisher,ARI,P,Undisclosed,60-Day IL,Subscribers Only
Wilmer Flores,DET,P,Shoulder,7-Day IL,Subscribers Only
Ty Floyd,CIN,P,Elbow,60-Day IL,Subscribers Only
Cole Fontenelle,LAA,3B,Lower Body,60-Day IL,Subscribers Only
Matt Foster,CWS,P,Elbow,60-Day IL,Subscribers Only
J.P. France,HOU,P,Shoulder,7-Day IL,Subscribers Only
Wander Franco,TB,SS,Personal,Out,Subscribers Only
Sadrac Franco,LAA,P,Undisclosed,60-Day IL,Subscribers Only
Jesse Franklin,ATL,OF,Shoulder,60-Day IL,Subscribers Only
Kohl Franklin,CHC,P,Elbow,60-Day IL,Subscribers Only
Nick Frasso,LAD,P,Shoulder,60-Day IL,Subscribers Only
Dominic Freeberger,BAL,P,Undisclosed,60-Day IL,Subscribers Only
TJ Friedl,CIN,OF,Hamstring,10-Day IL,Subscribers Only
Matt Frisbee,SF,P,Undisclosed,7-Day IL,Subscribers Only
Shintaro Fujinami,NYM,P,Shoulder,60-Day IL,Subscribers Only
Michael Fulmer,BOS,P,Elbow,60-Day IL,Subscribers Only
Dax Fulton,MIA,P,Elbow,60-Day IL,Subscribers Only
Nate Furman,CLE,2B,Shoulder,7-Day IL,Subscribers Only
Richard Gallardo,CHC,P,Undisclosed,60-Day IL,Subscribers Only
Joey Gallo,WSH,OF,Hamstring,10-Day IL,Subscribers Only
Yimi Garcia,TOR,P,Elbow,15-Day IL,Subscribers Only
Luis Garcia,HOU,P,Elbow,60-Day IL,Subscribers Only
Johanfran Garcia,BOS,C,Knee,60-Day IL,Subscribers Only
Braxton Garrett,MIA,P,Forearm,15-Day IL,Subscribers Only
Reed Garrett,NYM,P,Elbow,15-Day IL,Subscribers Only
Robert Gasser,MIL,P,Elbow,60-Day IL,Subscribers Only
Ian Gibaut,CIN,P,Forearm,60-Day IL,Subscribers Only
Drew Gilbert,NYM,OF,Hamstring,7-Day IL,Subscribers Only
Lucas Gilbreath,COL,P,Elbow,60-Day IL,Subscribers Only
Lucas Giolito,BOS,P,Elbow,60-Day IL,Subscribers Only
Sawyer Gipson-Long,DET,P,Elbow,60-Day IL,Subscribers Only
Chris Gittens,HOU,1B,Knee,7-Day IL,Subscribers Only
Tyler Glasnow,LAD,P,Back,15-Day IL,Subscribers Only
Raimon Gomez,NYM,P,Elbow,60-Day IL,Subscribers Only
Tony Gonsolin,LAD,P,Elbow,60-Day IL,Subscribers Only
Marco Gonzales,PIT,P,Forearm,60-Day IL,Subscribers Only
Cristian Gonzalez,HOU,3B,Undisclosed,60-Day IL,Subscribers Only
Trevor Gott,OAK,P,Elbow,60-Day IL,Subscribers Only
Peyton Graham,DET,SS,Undisclosed,7-Day IL,Subscribers Only
Brusdar Graterol,LAD,P,Shoulder,60-Day IL,Subscribers Only
Kendall Graveman,HOU,P,Shoulder,60-Day IL,Subscribers Only
Josiah Gray,WSH,P,Elbow,60-Day IL,Subscribers Only
Shane Greene,TEX,P,Undisclosed,60-Day IL,Subscribers Only
Caden Grice,ARI,P,Elbow,Out,Subscribers Only
Vaughn Grissom,BOS,SS,Hamstring,10-Day IL,Subscribers Only
Jay Groome,SD,P,Suspension,Suspension,Subscribers Only
Gino Groover,ARI,3B,Wrist,60-Day IL,Subscribers Only
Michael Grove,LAD,P,Ribs,15-Day IL,Subscribers Only
Dalton Guthrie,BOS,OF,Undisclosed,7-Day IL,Subscribers Only
Sam Haggerty,SEA,OF,Achilles,60-Day IL,Subscribers Only
DL Hall,MIL,P,Knee,60-Day IL,Subscribers Only
Anthony Hall,NYY,OF,Undisclosed,7-Day IL,Subscribers Only
Ian Hamilton,NYY,P,Lat,15-Day IL,Subscribers Only
Chase Hampton,NYY,P,Elbow,60-Day IL,Subscribers Only
Hogan Harris,OAK,P,Personal,Paternity,Subscribers Only
Michael Harris,ATL,OF,Hamstring,10-Day IL,Subscribers Only
Grant Hartwig,NYM,P,Knee,7-Day IL,Subscribers Only
Robert Hassell,WSH,OF,Undisclosed,7-Day IL,Subscribers Only
Garrett Hawkins,SD,P,Elbow,60-Day IL,Subscribers Only
Dillon Head,MIA,OF,Hip,7-Day IL,Subscribers Only
Brent Headrick,MIN,P,Forearm,60-Day IL,Subscribers Only
Jonathan Heasley,BAL,P,Shoulder,7-Day IL,Subscribers Only
Kyle Hendricks,CHC,P,Back,Day-To-Day,Subscribers Only
Liam Hendriks,BOS,P,Elbow,60-Day IL,Subscribers Only
Payton Henry,TOR,C,Head,7-Day IL,Subscribers Only
Cole Henry,WSH,P,Undisclosed,7-Day IL,Subscribers Only
Jimmy Herget,ATL,P,Shoulder,15-Day IL,Subscribers Only
Sean Hermann,NYY,P,Elbow,Out,Subscribers Only
Darell Hernaiz,OAK,SS,Ankle,60-Day IL,Subscribers Only
Ivan Herrera,STL,C,Back,10-Day IL,Subscribers Only
Kehden Hettiger,PHI,C,Undisclosed,7-Day IL,Subscribers Only
Jason Heyward,LAD,OF,Knee,10-Day IL,Subscribers Only
Alejandro Hidalgo,MIN,P,Shoulder,60-Day IL,Subscribers Only
Grayson Hitt,ARI,P,Elbow,60-Day IL,Subscribers Only
Hunter Hollan,CIN,P,Undisclosed,60-Day IL,Subscribers Only
Will Holland,MIN,SS,Lower Leg,7-Day IL,Subscribers Only
Travis Honeyman,STL,OF,Undisclosed,7-Day IL,Subscribers Only
Zyhir Hope,LAD,OF,Shoulder,7-Day IL,Subscribers Only
TJ Hopkins,DET,OF,Shoulder,60-Day IL,Subscribers Only
Cade Horton,CHC,P,Lat,7-Day IL,Subscribers Only
Zac Houston,PHI,P,Undisclosed,7-Day IL,Subscribers Only
Wyatt Hudepohl,NYM,P,Undisclosed,60-Day IL,Subscribers Only
Gabriel Hughes,COL,P,Elbow,60-Day IL,Subscribers Only
Jose Iglesias,NYM,SS,Illness,Day-To-Day,Subscribers Only
Drey Jameson,ARI,P,Elbow,60-Day IL,Subscribers Only
Cristian Javier,HOU,P,Elbow,60-Day IL,Subscribers Only
Daulton Jefferies,PIT,P,Elbow,15-Day IL,Subscribers Only
Andrew Jenkins,DET,1B,Shoulder,60-Day IL,Subscribers Only
Dany Jimenez,OAK,P,Oblique,15-Day IL,Subscribers Only
Marcus Johnson,TB,P,Elbow,60-Day IL,Subscribers Only
Jared Jones,PIT,P,Lat,15-Day IL,Subscribers Only
Josh Jung,TEX,3B,Wrist,60-Day IL,Subscribers Only
James Karinchak,CLE,P,Shoulder,60-Day IL,Subscribers Only
Joe Kelly,LAD,P,Shoulder,60-Day IL,Subscribers Only
Michael Kelly,OAK,P,Suspension,Suspension,Subscribers Only
Merrill Kelly,ARI,P,Shoulder,60-Day IL,Subscribers Only
Kannon Kemp,SD,P,Shoulder,60-Day IL,Subscribers Only
Zak Kent,CLE,P,Elbow,7-Day IL,Subscribers Only
Ray Kerr,ATL,P,Elbow,60-Day IL,Subscribers Only
Clayton Kershaw,LAD,P,Shoulder,60-Day IL,Subscribers Only
Caleb Kilian,CHC,P,Shoulder,60-Day IL,Subscribers Only
Isiah Kiner-Falefa,TOR,OF,Knee,10-Day IL,Subscribers Only
Alex Kirilloff,MIN,1B,Back,10-Day IL,Subscribers Only
Reiss Knehr,SD,P,Elbow,Out,Subscribers Only
Lucas Knowles,WSH,P,Undisclosed,7-Day IL,Subscribers Only
Jared Koenig,MIL,P,Elbow,15-Day IL,Subscribers Only
Jacob Kostyshock,COL,P,Undisclosed,7-Day IL,Subscribers Only
Rhett Kouba,HOU,P,Undisclosed,7-Day IL,Subscribers Only
Jackson Kowar,SEA,P,Elbow,60-Day IL,Subscribers Only
Asa Lacy,KC,P,Elbow,Out,Subscribers Only
Dane Lais,SD,P,Undisclosed,60-Day IL,Subscribers Only
Jimmy Lambert,CWS,P,Shoulder,60-Day IL,Subscribers Only
Alex Lange,DET,P,Lat,60-Day IL,Subscribers Only
Justin Lange,NYY,P,Shoulder,60-Day IL,Subscribers Only
Cale Lansville,SF,P,Undisclosed,7-Day IL,Subscribers Only
Cristopher Larez,NYM,SS,Suspension,Suspension,Subscribers Only
Ramon Laureano,ATL,OF,Oblique,10-Day IL,Subscribers Only
Nate Lavender,NYM,P,Elbow,7-Day IL,Subscribers Only
Jordan Lawlar,ARI,SS,Hamstring,7-Day IL,Subscribers Only
Jung Hoo Lee,SF,OF,Shoulder,60-Day IL,Subscribers Only
Ben Leeper,CHC,P,Elbow,60-Day IL,Subscribers Only
Eddys Leonard,DET,SS,Undisclosed,7-Day IL,Subscribers Only
Dominic Leone,CWS,P,Elbow,60-Day IL,Subscribers Only
Royce Lewis,MIN,3B,Groin,10-Day IL,Subscribers Only
Jonathan Loaisiga,NYY,P,Elbow,60-Day IL,Subscribers Only
Conner Loeprich,BAL,P,Undisclosed,60-Day IL,Subscribers Only
Otto Lopez,MIA,SS,Back,10-Day IL,Subscribers Only
Dariel Lopez,SF,3B,Knee,60-Day IL,Subscribers Only
Kiefer Lord,BAL,P,Elbow,Out,Subscribers Only
Austin Love,STL,P,Undisclosed,60-Day IL,Subscribers Only
Richard Lovelady,TB,P,Forearm,15-Day IL,Subscribers Only
Quinton Low,MIL,P,Undisclosed,60-Day IL,Subscribers Only
Nathan Lukes,TOR,OF,Thumb,7-Day IL,Subscribers Only
Jordan Luplow,PHI,OF,Knee,60-Day IL,Subscribers Only
Jesus Luzardo,MIA,P,Back,60-Day IL,Subscribers Only
Jordan Lyles,KC,P,Personal,Out,Subscribers Only
Adam Macko,TOR,P,Forearm,7-Day IL,Subscribers Only
Nick Madrigal,CHC,2B,Hand,7-Day IL,Subscribers Only
Tyler Mahle,TEX,P,Elbow,60-Day IL,Subscribers Only
Luke Maile,CIN,C,Back,10-Day IL,Subscribers Only
Alek Manoah,TOR,P,Elbow,15-Day IL,Subscribers Only
Tucupita Marcano,FA,OF,Suspension,Suspension,Subscribers Only
Jordan Marks,DET,P,Elbow,60-Day IL,Subscribers Only
Landen Maroudis,TOR,P,Elbow,60-Day IL,Subscribers Only
German Marquez,COL,P,Elbow,60-Day IL,Subscribers Only
Franklin Marquez,WSH,P,Undisclosed,60-Day IL,Subscribers Only
Starling Marte,NYM,OF,Knee,10-Day IL,Subscribers Only
Chris Martin,BOS,P,Elbow,15-Day IL,Subscribers Only
Corbin Martin,BAL,P,Shoulder,7-Day IL,Subscribers Only
Austin Martin,MIN,OF,Oblique,10-Day IL,Subscribers Only
Davis Martin,CWS,P,Elbow,60-Day IL,Subscribers Only
Orelvis Martinez,TOR,SS,Suspension,Suspension,Subscribers Only
Nick Martini,CIN,OF,Thumb,10-Day IL,Subscribers Only
Bryan Mata,BOS,P,Shoulder,15-Day IL,Subscribers Only
Tyler Mattison,DET,P,Elbow,60-Day IL,Subscribers Only
Steven Matz,STL,P,Back,60-Day IL,Subscribers Only
Tyler Matzek,ATL,P,Elbow,60-Day IL,Subscribers Only
Ronny Mauricio,NYM,2B,Knee,60-Day IL,Subscribers Only
Dustin May,LAD,P,Elbow,60-Day IL,Subscribers Only
Chris Mazza,FA,P,Elbow,Out,Subscribers Only
David McCabe,ATL,3B,Elbow,60-Day IL,Subscribers Only
Shane McClanahan,TB,P,Elbow,60-Day IL,Subscribers Only
Kade McClure,PIT,P,Undisclosed,7-Day IL,Subscribers Only
Brady McConnell,KC,SS,Undisclosed,60-Day IL,Subscribers Only
Lance McCullers,HOU,P,Forearm,60-Day IL,Subscribers Only
Brody McCullough,CHC,P,Undisclosed,60-Day IL,Subscribers Only
Alex McFarlane,PHI,P,Elbow,60-Day IL,Subscribers Only
Griff McGarry,PHI,P,Undisclosed,7-Day IL,Subscribers Only
Easton McGee,MIL,P,Elbow,60-Day IL,Subscribers Only
Teddy McGraw,SEA,P,Elbow,60-Day IL,Subscribers Only
Brendan McKay,TB,P,Elbow,60-Day IL,Subscribers Only
Matt McLain,CIN,2B,Shoulder,60-Day IL,Subscribers Only
Parker Meadows,DET,OF,Hamstring,10-Day IL,Subscribers Only
John Means,BAL,P,Elbow,60-Day IL,Subscribers Only
Wade Meckler,SF,OF,Wrist,7-Day IL,Subscribers Only
J.C. Mejia,FA,P,Suspension,Suspension,Subscribers Only
Cristofer Melendez,PIT,P,Personal,Out,Subscribers Only
Jordarlin Mendoza,NYY,P,Undisclosed,60-Day IL,Subscribers Only
Julian Merryweather,CHC,P,Ribs,60-Day IL,Subscribers Only
Keynan Middleton,STL,P,Forearm,60-Day IL,Subscribers Only
Spencer Miles,SF,P,Back,60-Day IL,Subscribers Only
Wade Miley,MIL,P,Elbow,60-Day IL,Subscribers Only
Troy Miller,NYM,P,Undisclosed,60-Day IL,Subscribers Only
Cole Miller,OAK,P,Elbow,60-Day IL,Subscribers Only
Wyatt Mills,BOS,P,Elbow,60-Day IL,Subscribers Only
Kevin Miranda,TOR,P,Undisclosed,7-Day IL,Subscribers Only
Casey Mize,DET,P,Hamstring,15-Day IL,Subscribers Only
Yoan Moncada,CWS,3B,Thigh,60-Day IL,Subscribers Only
Jordan Montgomery,ARI,P,Knee,15-Day IL,Subscribers Only
Sean Mooney,MIN,P,Shoulder,60-Day IL,Subscribers Only
Yohandy Morales,WSH,3B,Thumb,7-Day IL,Subscribers Only
Jovani Moran,MIN,P,Elbow,60-Day IL,Subscribers Only
Dauri Moreta,PIT,P,Elbow,60-Day IL,Subscribers Only
Nazier Mule,CHC,P,Elbow,Out,Subscribers Only
Max Muncy,LAD,3B,Oblique,60-Day IL,Subscribers Only
Max Muncy,OAK,SS,Hand,7-Day IL,Subscribers Only
Penn Murfee,HOU,P,Elbow,60-Day IL,Subscribers Only
Tom Murphy,SF,C,Knee,60-Day IL,Subscribers Only
Chris Murphy,BOS,P,Elbow,60-Day IL,Subscribers Only
Ryan Murphy,SF,P,Undisclosed,7-Day IL,Subscribers Only
Owen Murphy,ATL,P,Elbow,60-Day IL,Subscribers Only
Jayden Murray,HOU,P,Undisclosed,7-Day IL,Subscribers Only
Joe Musgrove,SD,P,Elbow,60-Day IL,Subscribers Only
Simon Muzziotti,PHI,OF,Undisclosed,7-Day IL,Subscribers Only
Tanner Myatt,NYY,P,Undisclosed,60-Day IL,Subscribers Only
Edgar Navarro,CWS,P,Elbow,60-Day IL,Subscribers Only
Kyle Nelson,ARI,P,Shoulder,60-Day IL,Subscribers Only
Yohemy Nolasco,CWS,P,Undisclosed,60-Day IL,Subscribers Only
Liam Norris,ARI,P,Undisclosed,7-Day IL,Subscribers Only
Juan Nunez,BAL,P,Undisclosed,7-Day IL,Subscribers Only
Riley O'Brien,STL,P,Forearm,60-Day IL,Subscribers Only
Rougned Odor,NYY,2B,Undisclosed,7-Day IL,Subscribers Only
Oliver Ortega,HOU,P,Elbow,60-Day IL,Subscribers Only
Luis Ortiz,PHI,P,Forearm,60-Day IL,Subscribers Only
Joey Ortiz,MIL,2B,Neck,10-Day IL,Subscribers Only
Bryce Osmond,LAA,P,Undisclosed,60-Day IL,Subscribers Only
Glenn Otto,SD,P,Shoulder,15-Day IL,Subscribers Only
Connor Overton,CIN,P,Elbow,7-Day IL,Subscribers Only
Johan Oviedo,PIT,P,Elbow,60-Day IL,Subscribers Only
Izaac Pacheco,DET,3B,Hand,Out,Subscribers Only
Freddy Pacheco,DET,P,Elbow,7-Day IL,Subscribers Only
Nicholas Padilla,CWS,P,Undisclosed,60-Day IL,Subscribers Only
Emilio Pagan,CIN,P,Lat,60-Day IL,Subscribers Only
Andrew Painter,PHI,P,Elbow,60-Day IL,Subscribers Only
Wen Hui Pan,PHI,P,Finger,60-Day IL,Subscribers Only
Enoli Paredes,MIL,P,Forearm,15-Day IL,Subscribers Only
Luis Patino,SD,P,Elbow,60-Day IL,Subscribers Only
Zach Peek,BAL,P,Shoulder,60-Day IL,Subscribers Only
Zach Penrod,BOS,P,Lower Leg,7-Day IL,Subscribers Only
Luis Perales,BOS,P,Elbow,7-Day IL,Subscribers Only
Wandy Peralta,SD,P,Groin,Day-To-Day,Subscribers Only
Angel Perdomo,ATL,P,Elbow,60-Day IL,Subscribers Only
Jose Perdomo,ATL,SS,Undisclosed,60-Day IL,Subscribers Only
Everson Pereira,NYY,OF,Elbow,60-Day IL,Subscribers Only
Hedbert Perez,MIL,OF,Undisclosed,60-Day IL,Subscribers Only
Eury Perez,MIA,P,Elbow,60-Day IL,Subscribers Only
Jose Peroza,NYM,3B,Undisclosed,7-Day IL,Subscribers Only
Cole Phillips,SEA,P,Elbow,60-Day IL,Subscribers Only
Chase Pinder,SF,OF,Undisclosed,60-Day IL,Subscribers Only
Adrian Pinto,TOR,2B,Ribs,7-Day IL,Subscribers Only
Jean Pinto,BAL,P,Elbow,60-Day IL,Subscribers Only
Cody Poteet,NYY,P,Triceps,15-Day IL,Subscribers Only
Connor Prielipp,MIN,P,Elbow,60-Day IL,Subscribers Only
Austin Pruitt,TEX,P,Knee,60-Day IL,Subscribers Only
Jeferson Quero,MIL,C,Shoulder,60-Day IL,Subscribers Only
Jose Quijada,LAA,P,Elbow,60-Day IL,Subscribers Only
Brooks Raley,NYM,P,Elbow,60-Day IL,Subscribers Only
Aldo Ramirez,WSH,P,Elbow,7-Day IL,Subscribers Only
Lane Ramsey,CWS,P,Undisclosed,7-Day IL,Subscribers Only
Alan Rangel,LAA,P,Undisclosed,7-Day IL,Subscribers Only
Drew Rasmussen,TB,P,Elbow,60-Day IL,Subscribers Only
Robbie Ray,SF,P,Elbow,60-Day IL,Subscribers Only
J.T. Realmuto,PHI,C,Knee,10-Day IL,Subscribers Only
Sean Reid-Foley,NYM,P,Shoulder,15-Day IL,Subscribers Only
Jacob Reimer,NYM,3B,Hamstring,60-Day IL,Subscribers Only
Luis Rengifo,LAA,2B,Wrist,10-Day IL,Subscribers Only
Gabriel Rincones,PHI,OF,Thumb,7-Day IL,Subscribers Only
Alberto Rios,LAA,3B,Undisclosed,60-Day IL,Subscribers Only
JR Ritchie,ATL,P,Elbow,60-Day IL,Subscribers Only
Anthony Rizzo,NYY,1B,Forearm,60-Day IL,Subscribers Only
Dalton Roach,CWS,P,Undisclosed,7-Day IL,Subscribers Only
Errol Robinson,BAL,SS,Oblique,7-Day IL,Subscribers Only
Hayden Robinson,MIL,P,Elbow,7-Day IL,Subscribers Only
Tekoah Roby,STL,P,Undisclosed,7-Day IL,Subscribers Only
Kumar Rocker,TEX,P,Elbow,60-Day IL,Subscribers Only
Eduardo Rodriguez,ARI,P,Shoulder,60-Day IL,Subscribers Only
Emmanuel Rodriguez,MIN,OF,Thumb,7-Day IL,Subscribers Only
Endy Rodriguez,PIT,C,Elbow,60-Day IL,Subscribers Only
Jose Rodriguez,PHI,2B,Suspension,Suspension,Subscribers Only
Jose Rodriguez,MIN,OF,Thumb,60-Day IL,Subscribers Only
Josh Rogers,COL,P,Shoulder,15-Day IL,Subscribers Only
Drew Rom,STL,P,Shoulder,60-Day IL,Subscribers Only
Jordan Romano,TOR,P,Elbow,15-Day IL,Subscribers Only
Kala'i Rosario,MIN,OF,Elbow,60-Day IL,Subscribers Only
Trevor Rosenthal,FA,P,Elbow,Out,Subscribers Only
Joe Ross,MIL,P,Back,60-Day IL,Subscribers Only
Michael Rucker,PHI,P,Hand,60-Day IL,Subscribers Only
Carson Rucker,DET,3B,Shoulder,60-Day IL,Subscribers Only
Jaden Rudd,TOR,OF,Undisclosed,7-Day IL,Subscribers Only
Esteury Ruiz,OAK,OF,Wrist,10-Day IL,Subscribers Only
Andrew Saalfrank,ARI,P,Suspension,Suspension,Subscribers Only
Dustin Saenz,WSH,P,Undisclosed,7-Day IL,Subscribers Only
Royber Salinas,OAK,P,Undisclosed,7-Day IL,Subscribers Only
Gary Sanchez,MIL,C,Calf,10-Day IL,Subscribers Only
Sixto Sanchez,MIA,P,Shoulder,60-Day IL,Subscribers Only
Bryan Sanchez,WSH,P,Undisclosed,7-Day IL,Subscribers Only
Carlos Sanchez,CIN,3B,Undisclosed,7-Day IL,Subscribers Only
Franklin Sanchez,MIA,P,Undisclosed,60-Day IL,Subscribers Only
Patrick Sandoval,LAA,P,Elbow,60-Day IL,Subscribers Only
Reiver Sanmartin,CIN,P,Elbow,Out,Subscribers Only
Dahian Santos,TOR,P,Elbow,60-Day IL,Subscribers Only
Dangelo Sarmiento,NYM,SS,Undisclosed,7-Day IL,Subscribers Only
Clarke Schmidt,NYY,P,Lat,60-Day IL,Subscribers Only
Jesse Scholtens,CWS,P,Elbow,60-Day IL,Subscribers Only
Andre Scrubb,NYM,P,Undisclosed,60-Day IL,Subscribers Only
Kodai Senga,NYM,P,Shoulder,60-Day IL,Subscribers Only
Antonio Senzatela,COL,P,Elbow,60-Day IL,Subscribers Only
Reese Sharp,BAL,P,Elbow,60-Day IL,Subscribers Only
Emmet Sheehan,LAD,P,Elbow,60-Day IL,Subscribers Only
Braden Shewmake,CWS,SS,Undisclosed,7-Day IL,Subscribers Only
Jun-Seok Shim,PIT,P,Shoulder,60-Day IL,Subscribers Only
Kohl Simas,CWS,P,Undisclosed,60-Day IL,Subscribers Only
Liam Simon,SF,P,Undisclosed,60-Day IL,Subscribers Only
Josh Simpson,MIA,P,Elbow,60-Day IL,Subscribers Only
Ethan Small,SF,P,Oblique,60-Day IL,Subscribers Only
Drew Smith,NYM,P,Elbow,60-Day IL,Subscribers Only
Dylan Smith,DET,P,Undisclosed,7-Day IL,Subscribers Only
D'Andre Smith,NYM,SS,Undisclosed,60-Day IL,Subscribers Only
Brady Smith,LAD,P,Undisclosed,60-Day IL,Subscribers Only
Nick Snyder,PHI,P,Undisclosed,60-Day IL,Subscribers Only
Tyler Soderstrom,OAK,DH,Wrist,10-Day IL,Subscribers Only
Jairo Solis,HOU,P,Undisclosed,7-Day IL,Subscribers Only
Noah Song,BOS,P,Elbow,60-Day IL,Subscribers Only
Andres Sosa,TOR,C,Undisclosed,7-Day IL,Subscribers Only
Thomas Sosa,BAL,OF,Shoulder,7-Day IL,Subscribers Only
Bennett Sousa,HOU,P,Shoulder,60-Day IL,Subscribers Only
Gabe Speier,SEA,P,Shoulder,15-Day IL,Subscribers Only
Jeffrey Springs,TB,P,Elbow,60-Day IL,Subscribers Only
Giancarlo Stanton,NYY,OF,Hamstring,10-Day IL,Subscribers Only
Max Stassi,CWS,C,Hip,60-Day IL,Subscribers Only
Trevor Stephan,CLE,P,Elbow,60-Day IL,Subscribers Only
Robert Stephenson,LAA,P,Elbow,60-Day IL,Subscribers Only
Brock Stewart,MIN,P,Shoulder,60-Day IL,Subscribers Only
Jonathan Stiever,CWS,P,Undisclosed,60-Day IL,Subscribers Only
Trevor Story,BOS,SS,Shoulder,60-Day IL,Subscribers Only
Hunter Stratton,PIT,P,Triceps,15-Day IL,Subscribers Only
Spencer Strider,ATL,P,Elbow,60-Day IL,Subscribers Only
Ross Stripling,OAK,P,Elbow,15-Day IL,Subscribers Only
Michael Stryffeler,SF,P,Undisclosed,60-Day IL,Subscribers Only
Adrian Sugastey,SF,C,Undisclosed,7-Day IL,Subscribers Only
Thomas Szapucki,SF,P,Pectoral,60-Day IL,Subscribers Only
Fernando Tatis,SD,OF,Quadriceps,10-Day IL,Subscribers Only
Mike Tauchman,CHC,OF,Groin,10-Day IL,Subscribers Only
Ambioris Tavarez,ATL,3B,Undisclosed,7-Day IL,Subscribers Only
Josh Taylor,KC,P,Biceps,60-Day IL,Subscribers Only
Andrew Taylor,HOU,P,Undisclosed,60-Day IL,Subscribers Only
Mason Thompson,WSH,P,Elbow,60-Day IL,Subscribers Only
Keegan Thompson,CHC,P,Ribs,15-Day IL,Subscribers Only
Zack Thompson,STL,P,Undisclosed,7-Day IL,Subscribers Only
Zach Thornton,NYM,P,Undisclosed,7-Day IL,Subscribers Only
Ricky Tiedemann,TOR,P,Forearm,Out,Subscribers Only
Andrew Toles,LAD,OF,Personal,Out,Subscribers Only
Justin Topa,MIN,P,Knee,60-Day IL,Subscribers Only
Abraham Toro,OAK,3B,Hamstring,10-Day IL,Subscribers Only
Lou Trivino,NYY,P,Elbow,60-Day IL,Subscribers Only
Mike Trout,LAA,OF,Knee,10-Day IL,Subscribers Only
Kyle Tucker,HOU,OF,Lower Leg,10-Day IL,Subscribers Only
Spencer Turnbull,PHI,P,Lat,15-Day IL,Subscribers Only
Cole Turney,DET,OF,Abdomen,7-Day IL,Subscribers Only
Geison Urbaez,TOR,P,Undisclosed,7-Day IL,Subscribers Only
Abner Uribe,MIL,P,Knee,7-Day IL,Subscribers Only
Jose Urquidy,HOU,P,Elbow,60-Day IL,Subscribers Only
Luis Valdez,TEX,P,Undisclosed,7-Day IL,Subscribers Only
Jordy Vargas,COL,P,Elbow,60-Day IL,Subscribers Only
Daulton Varsho,TOR,OF,Knee,Day-To-Day,Subscribers Only
Felipe Vazquez,PIT,P,Personal,Out,Subscribers Only
Boris Vecerka,ARI,P,Undisclosed,60-Day IL,Subscribers Only
Justin Verlander,HOU,P,Neck,15-Day IL,Subscribers Only
Joey Votto,TOR,1B,Ankle,7-Day IL,Subscribers Only
LaMonte Wade,SF,OF,Hamstring,Day-To-Day,Subscribers Only
Max Wagner,BAL,3B,Back,7-Day IL,Subscribers Only
Jacob Waguespack,TB,P,Shoulder,60-Day IL,Subscribers Only
Cole Waites,SF,P,Elbow,60-Day IL,Subscribers Only
Ken Waldichuk,OAK,P,Elbow,60-Day IL,Subscribers Only
Hurston Waldrep,ATL,P,Elbow,15-Day IL,Subscribers Only
Taijuan Walker,PHI,P,Finger,15-Day IL,Subscribers Only
Cayden Wallace,KC,3B,Oblique,7-Day IL,Subscribers Only
Blake Walston,ARI,P,Elbow,15-Day IL,Subscribers Only
Brandon Walter,BOS,P,Shoulder,60-Day IL,Subscribers Only
TJayy Walton,PHI,OF,Undisclosed,Out,Subscribers Only
Andrew Wantz,LAA,P,Elbow,60-Day IL,Subscribers Only
Austin Warren,SF,P,Elbow,60-Day IL,Subscribers Only
Ryan Weathers,MIA,P,Finger,60-Day IL,Subscribers Only
Nathan Webb,BAL,P,Achilles,60-Day IL,Subscribers Only
Andy Weber,ARI,2B,Undisclosed,60-Day IL,Subscribers Only
Avery Weems,TEX,P,Elbow,60-Day IL,Subscribers Only
Zack Weiss,MIN,P,Shoulder,60-Day IL,Subscribers Only
Tyler Wells,BAL,P,Elbow,60-Day IL,Subscribers Only
Levi Wells,BAL,P,Shoulder,7-Day IL,Subscribers Only
Zack Wheeler,PHI,P,Back,Out,Subscribers Only
Evan White,LAA,1B,Hip,7-Day IL,Subscribers Only
Brendan White,DET,P,Elbow,7-Day IL,Subscribers Only
Garrett Whitlock,BOS,P,Elbow,60-Day IL,Subscribers Only
Jordan Wicks,CHC,P,Oblique,15-Day IL,Subscribers Only
Collin Wiles,TEX,P,Undisclosed,7-Day IL,Subscribers Only
Creed Willems,BAL,C,Hamstring,Day-To-Day,Subscribers Only
Trevor Williams,WSH,P,Elbow,15-Day IL,Subscribers Only
Devin Williams,MIL,P,Back,60-Day IL,Subscribers Only
Case Williams,COL,P,Triceps,60-Day IL,Subscribers Only
Jett Williams,NYM,SS,Wrist,7-Day IL,Subscribers Only
Brandon Williamson,CIN,P,Shoulder,60-Day IL,Subscribers Only
Cole Winn,TEX,P,Shoulder,60-Day IL,Subscribers Only
Keaton Winn,SF,P,Elbow,15-Day IL,Subscribers Only
Bryan Woo,SEA,P,Hamstring,15-Day IL,Subscribers Only
Alex Wood,OAK,P,Shoulder,60-Day IL,Subscribers Only
Brandon Woodruff,MIL,P,Shoulder,60-Day IL,Subscribers Only
Jason Woodward,MIL,P,Elbow,60-Day IL,Subscribers Only
Kyle Wright,KC,P,Shoulder,60-Day IL,Subscribers Only
Joshwan Wright,OAK,2B,Undisclosed,60-Day IL,Subscribers Only
Yoshinobu Yamamoto,LAD,P,Shoulder,15-Day IL,Subscribers Only
Huascar Ynoa,ATL,P,Elbow,60-Day IL,Subscribers Only
Jacob Zibin,CLE,P,Undisclosed,60-Day IL,Subscribers Only
Calvin Ziegler,NYM,P,Elbow,60-Day IL,Subscribers Only
Tyler Zombro,TEX,P,Undisclosed,60-Day IL,Subscribers Only
Nick Zwack,SF,P,Undisclosed,60-Day IL,Subscribers Only